Relevance,Explanation
RELEVANT,"The generated answer directly addresses the question by providing the correct syntax for using the `precision_recall_fscore_support` function in Python, including the necessary import statement and an example usage with parameters."
RELEVANT,The generated answer directly addresses the question about modifying scripts to avoid pickle errors when using waitress. It provides specific guidance on how to structure the code by separating the class into a different module and explains how this change prevents the errors. This information is relevant and useful for the asker.
RELEVANT,"The generated answer accurately provides the command to launch a container image in interactive mode, which directly addresses the question. The inclusion of the specific command along with the necessary flags is appropriate and helpful."
RELEVANT,"The generated answer directly addresses the question by confirming that a pull request can be made for homework solutions using PyTorch. It also provides additional context regarding the primary use of Keras but encourages PyTorch submissions, which adds value to the response."
PARTLY_RELEVANT,"The generated answer discusses a possible cause of a pip version error related to a version conflict in Scikit-Learn, which is relevant to package management issues. However, it does not directly address the specific nuances of the pip version error mentioned in the question, such as potential compatibility with the serverless framework or specific configurations in the deep learning section. Thus, while the answer provides relevant information, it lacks a focused link to the pip version error context."
RELEVANT,"The generated answer directly addresses the question by providing the exact command that should be run after editing the metrics-server to check the HPA (Horizontal Pod Autoscaler) status, which is 'kubectl get hpa'. This is completely relevant to the inquiry posed."
RELEVANT,The generated answer directly addresses the question by providing a clear method to check the AWS CLI version and specifies the compatibility requirement with eksctl. The inclusion of the AWS CLI version check command and a reference link for more information enhances its relevance.
RELEVANT,"The generated answer directly addresses the question by providing a clear reason for different accuracy values, specifically focusing on the impact of data splitting methods on the training and testing process. This is a key factor in machine learning model evaluation and is relevant to understanding variations in accuracy."
RELEVANT,"The generated answer directly addresses the question by explaining how to regain the REMOTE_URI variable after it is lost at the end of a session. It provides a specific command to set the variable and clarifies the need to do this for each new session, which is pertinent information for the user's situation."
RELEVANT,The generated answer directly addresses the question by providing a specific location (Kaggle) where the script for generating the Kitchenware Classification Competition dataset can be found. This makes it completely relevant to the query.
RELEVANT,"The generated answer directly addresses the question by providing a specific solution for the TensorFlow Serving error on Apple M1 Mac, including the recommended Docker image and the necessary commands to run it. The instructions are clear and actionable, making it highly relevant to the user's query."
RELEVANT,"The generated answer directly addresses the question by outlining specific steps to resolve the NotSupportedError mentioned in section 5. It provides both a version recommendation for the protobuf package and alternative solutions, making it highly pertinent to the query."
RELEVANT,"The generated answer directly addresses the question by identifying Tzvi Friedman as the person who added the solution for the 'Failed to find data adapter' error in the Keras model training, which is the information the question seeks."
PARTLY_RELEVANT,"The generated answer discusses the initial step of installing Chocolatey (choco), which is necessary before installing 'kind'. However, it does not directly address the specific first step for installing 'kind' itself via Chocolatey, making it less relevant to the specific question."
RELEVANT,"The generated answer effectively addresses the question by providing a clear method to fetch data using the `requests` library. It includes a relevant code snippet that demonstrates how to retrieve a dataset from a URL and handle the response, which is exactly what the question asks for."
RELEVANT,"The generated answer directly addresses the question by affirming that it is possible to compute RMSE using the `mean_squared_error` function from `sklearn.metrics` in one step by setting the `squared` parameter to `False`. It provides the correct information and a code snippet demonstrating how to do this, making it fully relevant to the question asked."
RELEVANT,"The generated answer provides specific links to documentation that directly relate to the initialization of Lambda functions, addressing the user's question effectively."
RELEVANT,"The generated answer directly addresses the question by providing a specific code example of how to read data from a GitHub URL using the pandas library. It accurately explains the process and references a GitHub URL, which is the main focus of the question."
PARTLY_RELEVANT,"The generated answer addresses the impact of using a random seed on the data splitting process, which is relevant to the question about missing values. However, it does not specifically explain why all missing values end up in the training dataframe when using a seed of 42, nor does it clarify whether this is a consistent behavior with other seed values. The answer could benefit from more detail regarding the handling of missing values in the context of the specific random seed mentioned."
RELEVANT,"The generated answer directly addresses the question by providing clear instructions on where to find materials related to the cohort. It specifies the course page, the cohort folder, and provides additional resources such as office hours and a syllabus link, all of which are pertinent to the query."
RELEVANT,"The generated answer provides a direct link to learn more about the California housing dataset, which directly addresses the question asked."
RELEVANT,"The generated answer correctly identifies Random Forest as a bagging algorithm and XGBoost as a boosting algorithm, directly addressing the question about which algorithms represent bagging and boosting in the course. The explanation of how each algorithm functions adds further clarity and relevance."
RELEVANT,"The generated answer directly addresses the question by identifying Ella Sahnan as the contributor of the information about using metrics on a series or dataframe in section 4, thus providing clear and relevant information."
RELEVANT,"The generated answer directly addresses the question by suggesting a specific video that explains the normal form derivation for regression, aligning well with the request for a video resource."
RELEVANT,"The generated answer directly addresses the question by confirming that Google Cloud Platform offers free services for an extended period, specifically mentioning microinstances and a variety of other free services."
RELEVANT,"The generated answer directly addresses the question by providing a specific link to a guide for using Docker in Google Colab, which is exactly what the user is looking for."
PARTLY_RELEVANT,"The generated answer provides a command to import a function related to RMSE calculation, which is 'mean_squared_error'. However, it does not specifically mention how to calculate RMSE directly, which involves taking the square root of the mean squared error. Thus, while the answer is on the right track, it lacks completeness for fully addressing the question."
PARTLY_RELEVANT,"The generated answer does address the possibility of a default configuration but does not provide an alternative command or information explicitly related to the question. It suggests there may not be an alternative command, but it does not confirm what to do in the case of a default region being set."
RELEVANT,"The generated answer correctly identifies the pandas function `std()` as the one that computes the standard deviation from a series, and it provides examples of how to use this function. This directly addresses the question asked."
RELEVANT,"The generated answer directly addresses the question by providing the specific information requested, which is the default value for the number of workers in the fit function. It is concise and accurately answers the question without any extraneous information."
RELEVANT,"The generated answer directly addresses the question by providing a solution for loading a Keras model with an optimizer error. It suggests using the 'compile=False' argument in the 'load_model' function, which is a common workaround for bypassing optimizer-related issues when loading a model saved in .h5 format."
RELEVANT,"The generated answer directly addresses the question by providing a method to verify the results of evaluation metrics using built-in functions from the scikit-learn library. It explains which metrics can be computed and provides example code that illustrates how to do so, which is aligned with the user's request for verification of their code's results."
RELEVANT,"The generated answer directly addresses the question about the necessity of regularization techniques in machine learning. It explains that regularization is situation-dependent, mentions specific scenarios (small datasets and complex models), and emphasizes the importance of evaluating individual cases. This thorough response provides clear reasoning and relevant information, aligning well with the question."
RELEVANT,"The generated answer effectively explains the role of `np.sign` in determining the point of intersection between precision and recall curves. It details how `np.sign` can be used to identify changes in the sign of the difference between precision and recall values, thereby indicating the intersection point. This directly addresses the question regarding the specific role of `np.sign` in this context."
RELEVANT,"The generated answer directly addresses the issue of running out of storage after building many Docker images by providing specific solutions, such as removing unused images and pruning the system. The steps are practical and applicable to the problem stated in the question."
RELEVANT,"The generated answer directly addresses the question by explaining that folders are read in alphabetical order for determining numeric class labels in TensorFlow's `flow_from_directory`. It provides a clear example, making the information applicable and relevant to the query."
RELEVANT,"The generated answer provides specific instructions to modify the correct file (`/etc/docker/daemon.json`) to fix Docker's DNS settings. It also includes the necessary JSON format for the DNS configuration and the command to restart Docker, directly addressing the question asked."
RELEVANT,"The generated answer directly addresses the question about the number of models required for the midterm by stating that training 'multiple' models is sufficient, which implies more than one model is needed. This directly answers the core inquiry of the question."
RELEVANT,"The generated answer accurately explains why a threshold of 1.0 results in a false positive rate (FPR) of 0.0. It correctly states that no predictions meet the positive class condition at this threshold, which leads to no instances being classified as positive. This directly addresses the question posed."
RELEVANT,"The generated answer directly addresses the question by correctly stating that the pandas method to calculate the standard deviation of a series is `std()`. It also provides examples of how to use the method on both a Series and a DataFrame, which adds context and clarity to the response."
RELEVANT,"The generated answer directly addresses the question by explaining why df_train_full is excluded from the correlation matrix task. It highlights the importance of using only the training data to avoid influence from the validation dataset, which is a key consideration in this context."
RELEVANT,"The generated answer provides a clear and detailed explanation of how to set up a Conda environment, including specific commands for creation, activation, and exporting the environment. It directly addresses the question while also offering additional context for users who may be on different operating systems or who have yet to install Conda."
RELEVANT,"The generated answer directly addresses the issue of a ValueError related to feature names in XGBoost by providing specific solutions, including checking for unsupported characters in feature names and altering them accordingly. It also suggests an alternative by not specifying feature names when creating the `xgb.DMatrix`, which is pertinent to resolving the error mentioned in the question."
RELEVANT,"The generated answer directly addresses the question about resolving the 'Cannot connect to the docker daemon' issue on WSL by providing clear, actionable steps to troubleshoot and fix the problem. The steps include checking Docker Desktop settings and enabling WSL integration, which are relevant solutions for the error described."
RELEVANT,The generated answer directly addresses the question about the midterm project being mandatory for the certificate by clearly stating that it is not mandatory and providing additional relevant information about the requirements for receiving the certificate.
NON_RELEVANT,"The generated answer acknowledges the lack of specific commands in the provided context but does not address the question about commands to start the Docker daemon on Linux. As a result, it fails to provide any relevant information or guidance related to the user's query."
RELEVANT,"The generated answer directly addresses the question regarding eligibility for certification after missing the midterm project. It clearly outlines the conditions under which the individual can still achieve certification, confirming that the completion of other projects and peer reviews is sufficient."
PARTLY_RELEVANT,"The answer suggests using 'brew install md5sha1sum' to install tools that provide the functionality of 'md5sum', which is somewhat relevant to the question. However, it does not directly answer the question of installing 'md5sum' as it implies an alternative method instead. Additionally, the command may not install 'md5sum' itself, leading to potential confusion."
RELEVANT,"The generated answer directly addresses the question by providing a specific method ('docker cp' command) to transfer files to a Docker container, along with the appropriate syntax and context for its use."
PARTLY_RELEVANT,"The generated answer addresses the topic of evaluation metrics for classification, indicating that there is no mention of a YouTube video. However, it discusses related information about classification metrics and tools, which is somewhat relevant to the question asked."
RELEVANT,"The generated answer directly addresses the question by providing the specific version of the zoomcamp-model image mentioned for Module 5 HW Question 6, thus fulfilling the query's requirement."
RELEVANT,"The generated answer directly addresses the question by stating that FeatureHasher is the suitable method for categorical features with high cardinality, which aligns with the content of the question."
RELEVANT,"The generated answer directly addresses the question by providing a recommended data splitting method. It includes specific steps for splitting the data into training, validation, and test sets, and explains the rationale behind this approach, which relates closely to best practices in data management."
RELEVANT,"The generated answer directly addresses the ValueError related to loading weights saved in HDF5 format into a subclassed Model. It provides a practical solution by suggesting to evaluate the model on input data before loading the weights, which is pertinent to resolving the issue presented in the question."
RELEVANT,"The generated answer directly addresses the question by explaining why the AUC values change with each execution of the DecisionTreeClassifier due to randomness in the algorithm. It also provides a practical solution by suggesting setting a random seed to achieve consistent results, which is pertinent to the user's inquiry."
PARTLY_RELEVANT,"The generated answer addresses the f-string syntax and highlights a possible error involving parentheses, which is somewhat relevant to f-string issues. However, it lacks a comprehensive explanation of common f-string errors specific to deployment and misses other possible causes of f-string errors in general coding, which would provide more contextual relevance to the question."
PARTLY_RELEVANT,"The generated answer provides a specific command to run if restarting Docker Desktop and terminal fails, but it does not outline a comprehensive procedure or alternatives to address the metadata loading error. While it offers a potential workaround, it does not fully address the question about the procedure to follow, making it partly relevant."
RELEVANT,"The generated answer directly addresses the question by clearly stating that there is no difference in the skills taught in the current iteration compared to 2021, which is precisely what the question is asking."
PARTLY_RELEVANT,"The generated answer acknowledges the potential impact of different library versions on homework results, indicating that variations exist. However, it does not provide specific information about which Python library versions are required, thus only partially addressing the question."
RELEVANT,The generated answer directly addresses the question about resolving the 'wget is not recognized as an internal or external command' error on a Windows system by providing specific solutions: installing wget using Chocolatey or downloading a binary and adding it to the system PATH.
RELEVANT,"The generated answer directly addresses the question by identifying George Chizhmak as the provider of the solution for the XGBoostError, specifically mentioning the context of installing sklearn as the resolution."
RELEVANT,"The generated answer directly addresses the question about the specific error related to the 'sklearn' module in BentoML. It provides a clear explanation of the cause (incorrect package name) and offers a practical solution (modifying the package name in the configuration file), making it highly relevant to the user's issue."
RELEVANT,"The generated answer directly addresses the question by confirming that the default values cannot be used for all fields, except for the Access Key ID and Secret Access Key, while specifying that other fields can have default values. This aligns with the inquiry about AWS configuration settings."
RELEVANT,"The generated answer directly addresses the question about handling memory allocation errors in AWS ECS by providing a specific solution, which is to increase RAM and CPU in the task definition. This is a pertinent and actionable response related to the error mentioned."
RELEVANT,"The generated answer directly addresses the question by explaining the meaning of a negative accuracy difference when removing a feature, indicating that it signifies an improvement in the model's performance. This is directly related to the question asked."
RELEVANT,"The generated answer directly addresses the question by detailing the specific steps taken by √Ångel de Vicente to resolve the protobuf issue in session 10.3, including the command he used and the reasoning behind the fix due to package version conflicts."
RELEVANT,"The generated answer provides a clear and structured guide to setting up CUDA and cuDNN on Ubuntu 22.04, including necessary steps such as installing Nvidia drivers, the CUDA toolkit, and cuDNN, along with a reference to setting up TensorFlow with GPU support. This directly addresses the question asked."
PARTLY_RELEVANT,"The generated answer suggests referring to 'TODO' instructions, which is somewhat helpful but lacks specific details on how to initiate the tasks for Week 10. It does not provide a direct or actionable method, making it only partially relevant to the question."
RELEVANT,"The generated answer directly addresses the question by specifying the year (2021) for which course solutions should be checked for using AUC, making it fully relevant to the inquiry."
PARTLY_RELEVANT,"The generated answer acknowledges that an error occurs on the server side when using gunicorn, but it fails to specify what the error message actually is. While it addresses the question, it does not provide the specific information requested, making it only partially relevant."
RELEVANT,"The generated answer directly addresses the question by explaining why it is important to use DictVectorizer or get_dummies after splitting the data, specifically highlighting the issue of data leakage and its impact on model performance. This clearly relates to the recommendation mentioned in the question."
RELEVANT,The generated answer directly addresses the question by identifying Manuel Alejandro Aponte as the person who added the solution to the NameError issue in the FAQ section. This makes it fully relevant to the query.
RELEVANT,"The generated answer directly addresses the question by stating that Krishna Annad mentioned the usage of Yellowbrick for classification reports in the course, which is exactly what the question asked."
RELEVANT,"The generated answer directly addresses the issue of the 'kind' command not being recognized in Windows by providing specific troubleshooting steps to resolve the problem, including renaming the file and adjusting the system's PATH. This aligns well with the question asked."
RELEVANT,"The generated answer directly addresses the issue of 'kind' not being recognized as a command on Windows by providing specific steps to resolve the problem, including renaming the downloaded file and configuring the system's PATH. This comprehensive guidance is pertinent to the question asked."
RELEVANT,"The generated answer directly addresses the question about visualizing feature importance in scikit-learn by providing two specific methods: a features importance graph and a horizontal bar chart. It includes relevant code snippets and clear instructions, which are pertinent to the user's request for visualization techniques in scikit-learn."
RELEVANT,"The generated answer directly addresses the question about renaming a file that contains a dash. It provides a specific instruction to replace the dash with an underscore, which is a clear and correct method to handle the issue mentioned in the question."
RELEVANT,"The generated answer directly addresses the question by providing specific commands to display the size of a Docker image, along with clear instructions on how to use them. It effectively communicates the necessary steps to achieve the desired outcome."
RELEVANT,"The generated answer accurately explains the purpose of the KFold function in terms of its parameters n_splits, shuffle, and random_state. It details how these parameters influence the behavior of the data splitting process and mentions the important aspect of reproducibility in shuffling, which directly relates to the question asked."
RELEVANT,"The generated answer provides a clear method for loading a dataset directly into Kaggle Notebooks using a command that is appropriate for the platform. It includes both the command to download the dataset and the subsequent pandas command to read the file, which directly addresses the question asked."
RELEVANT,"The generated answer directly addresses the question by providing a clear formula to calculate the probability of class 0 based on the predicted probability of class 1 from a Keras model. It correctly explains the relationship between the two probabilities and illustrates it with an example, making it highly relevant to the query."
PARTLY_RELEVANT,"The generated answer addresses the concept of 'questions' in a specific context, providing information on how to ask questions about a course. However, it does not address the broader or general notion of 'questions' itself. It may be relevant to course-related inquiries but lacks comprehensiveness regarding questions in general."
RELEVANT,"The generated answer directly addresses the question by confirming that it's possible to post the same content on multiple social sites for homework points and provides specific details about how points can be earned, which is pertinent to the inquiry."
RELEVANT,"The generated answer directly addresses the reason for the error message regarding 'kind' not being recognized, explaining the need to rename the executable and adjust the PATH, which is relevant to resolving the issue described in the question."
RELEVANT,"The generated answer adequately explains why mutual information score cannot directly use continuous variables, detailing the need for discretization and the subjectivity involved. It directly addresses the question and provides relevant context about the conversion of the target variable."
PARTLY_RELEVANT,"The generated answer provides a method related to building a model using Keras, which may involve passing parameters. However, it does not directly address the question of how to pass multiple parameters specifically, nor does it clearly outline the recommended method for handling multiple parameters as intended in the question."
RELEVANT,"The generated answer directly addresses the question by explaining how to handle categorical features before using Ridge Regression. It mentions transforming categorical features into a numerical format using one-hot encoding, which is appropriate for preparing data for this type of regression. The mention of combining encoded features with numerical ones and the detail about setting `sparse=True` for one-hot encoding further enhance the relevance of the answer."
RELEVANT,"The generated answer directly addresses the question by providing a specific setting to ensure when using DictVectorizer. It mentions the importance of using '.get_feature_names_out()' to avoid deprecated functionality, which is a relevant and useful piece of information for someone using DictVectorizer."
RELEVANT,"The generated answer directly addresses the question by providing the specific command needed to install pip on WSL, making it highly relevant to the user's inquiry."
RELEVANT,"The generated answer directly addresses the question by specifying that 'ocean_proximity' should be used alongside the binarized price for calculating mutual information, which aligns with the query about what to use in HW3 Q3."
RELEVANT,"The generated answer directly addresses the question by providing the name of the individual who offered the solution for the AWS configuration issue in video 9.6, which is the core information requested."
RELEVANT,"The generated answer directly addresses the issue of 'pipenv' not being recognized by explaining that it is likely a PATH problem and providing specific steps to modify the environment variables on Windows. It also considers users who might be using Anaconda, ensuring that the guidance is consistent and comprehensive for the context of the question."
PARTLY_RELEVANT,"The generated answer provides a method for contributing notes by creating a GitHub repository and forking the original course repository, which may be relevant in some contexts. However, it doesn't directly explain how to add notes specifically to the 'Community Notes' section itself, leading to a partial relevance."
RELEVANT,The generated answer directly addresses the question by identifying Larkin Andrii as the source of the information regarding the recommended practice for using DictVectorizer or get_dummies. It is pertinent and informative in relation to the question asked.
RELEVANT,"The generated answer directly addresses the question by explaining how to use the `mean_squared_error` function from `sklearn.metrics` for calculating RMSE in Python. It includes a code snippet that is relevant to the question and provides a link for additional details, which enhances the response's usefulness."
RELEVANT,"The generated answer provides a clear and concise set of steps to push an initial commit to GitHub, including the necessary commands and addressing a common error that users might encounter. It directly answers the question, making it highly relevant."
RELEVANT,"The generated answer directly addresses the question about the availability of the course in a self-paced mode, confirming that it is indeed available and providing additional context about the flexibility it offers."
PARTLY_RELEVANT,"The generated answer provides a specific number of workers (2560) and mentions the default value, which is somewhat relevant to the question about setting workers for training. However, it does not clarify if 2560 is an optimal number for all scenarios or how to determine the appropriate number of workers based on available resources or specific training tasks, leaving the response incomplete."
PARTLY_RELEVANT,"The generated answer addresses the question about CPU and memory values but does not clearly confirm whether they are arbitrary or not. It introduces some ambiguity by stating they are specified but not arbitrary, which could confuse the reader regarding the essence of the question."
RELEVANT,The generated answer directly addresses the question by specifying the type of error that occurs when running the command 'eb local run --port 9696'. It provides both the name of the error ('NotSupportedError') and a relevant explanation about the command's limitation regarding Docker platform configurations.
RELEVANT,"The generated answer directly addresses the question about avoiding the 'manifest unknown' error by providing practical advice on using the correct Docker image tag. It also gives a specific example, which makes the solution clear and actionable."
RELEVANT,The generated answer directly answers the question by providing specific documentation links that are relevant to understanding Lambda container images in-depth. The provided resources are appropriate and useful for the intended purpose.
NON_RELEVANT,"The generated answer suggests a generic solution for importing a function from a file, but it does not address the specific context of Decision Trees and Ensemble Learning or explain why the ping function is relevant to these topics. Additionally, the term 'ping function' appears unrelated to machine learning concepts."
RELEVANT,"The generated answer provides a direct link to the official Docker installation instructions for MacOS, which directly addresses the user's question. Additionally, it includes relevant information about checking the type of chip, which is important for the installation process."
RELEVANT,"The generated answer directly addresses the question about specifying files to be copied in a Dockerfile by explaining the use of the COPY instruction, providing a relevant example, and mentioning the importance of using double quotes. This information is pertinent and useful for anyone looking to understand how to use the COPY command effectively in a Dockerfile."
RELEVANT,"The generated answer accurately describes what the command `sns.histplot(df['median_house_value'], kde=False)` does, including the creation of a histogram and the significance of the `kde` parameter. It effectively addresses the question by explaining the visualization and its purpose related to the data in `df`."
RELEVANT,"The generated answer directly addresses the question by providing the specific built-in function in 'nvidia-smi' that allows it to run repeatedly, along with an explanation of how to use the command effectively."
RELEVANT,"The generated answer effectively explains the purpose of using a seed value, highlighting its role in maintaining consistency and reproducibility in data splitting for training and validation. It directly addresses the question and provides relevant details about the implications of using a specific seed."
RELEVANT,"The generated answer directly addresses the question by listing specific workarounds for the issue caused by newer versions of protobuf in session 10.3. It provides practical solutions, which are precisely what the question asks for."
RELEVANT,The generated answer directly addresses the question by suggesting that restarting the Jupyter notebook is a necessary step to ensure imports work after installing new packages. This is pertinent information for the user's concern regarding functionality post-installation.
RELEVANT,"The generated answer directly addresses the question by explaining how to check the column info and memory usage of a pandas DataFrame using the `info()` method. It provides an accurate description of the method's functionality and includes an example of its usage, making it highly relevant to the question."
RELEVANT,"The generated answer directly addresses the question by explaining why one should transform the target variable to a logarithmic distribution, including details about managing skewness and stabilizing variance, which are key reasons for this transformation. It also discusses considerations regarding negative values, which adds to the completeness of the response."
RELEVANT,"The generated answer directly addresses the question by explaining the role of the seed value in TensorFlow for ensuring reproducibility. It provides specific examples and commands related to setting the seed value and mentions the importance of replicating training behavior, which is central to the question asked."
PARTLY_RELEVANT,"The generated answer addresses an action (upgrading nbconvert) that may be related to Jupyter notebooks, but it does not specifically resolve the 'contextfilter' error in Jinja2. The connection between upgrading nbconvert and the mentioned error is unclear, making the answer only partially relevant."
RELEVANT,"The generated answer directly addresses the question about identifying high correlation between features by providing a method to create a correlation matrix and suggesting a visualization technique using a heatmap. The provided code examples are relevant and practical, making the answer not only relevant but also actionable."
RELEVANT,"The generated answer directly addresses the question by stating that the Dockerfile should be named 'Dockerfile' without any extension. It provides the necessary information about the naming convention and warns against including an extension, which is pertinent and informative."
RELEVANT,The generated answer directly addresses the question by identifying Visual Studio Code as a recommended IDE for machine learning and providing specific features that make it a suitable choice. This aligns well with the query about which IDE is best for machine learning.
RELEVANT,"The generated answer directly addresses the question by explaining why linear regression does not provide a perfect fit, mentioning concepts like overfitting and the limitations of a linear model in capturing complex relationships in the data. This makes it highly relevant to the question asked."
RELEVANT,"The generated answer directly addresses the question by providing a suitable alternative command for Windows Jupyter Notebook users instead of '!ls -lh', specifically suggesting the use of '!dir', which serves a similar purpose."
RELEVANT,"The generated answer directly addresses the issue of model accuracy dropping to 0.5 after augmentation by suggesting a specific action (checking the 'rescale' option in the ImageDataGenerator). It also explains the implication of the low accuracy, linking it to potential problems with the augmentation process."
RELEVANT,"The generated answer directly addresses the question by confirming that it is recommended to rewatch the video on the ROC curve. It provides additional context about the importance of the ROC AUC metric in Binary Classification models, reinforcing the recommendation."
RELEVANT,The generated answer directly addresses the question by providing the specific method to create a deep copy of a dataframe and explaining that changes to the copied dataframe do not affect the original. This is exactly what the question seeks.
RELEVANT,"The generated answer directly addresses the issue of conflicting `python_version` and `python_full_version` in the `Pipfile`, providing clear steps to resolve the error encountered during `pipenv install`. It effectively guides the user to modify the configuration to proceed with the installation."
RELEVANT,"The generated answer directly addresses the question by explaining how the presence of high-value observations affects the areas of the long tail distribution. It discusses the differences in behavior and the resulting changes in statistical measures, which are relevant to understanding the causes of differing areas on either side of the distribution."
RELEVANT,"The generated answer directly addresses the question about why the error occurs due to the data containing only one class. It explains the cause of the issue related to the 'churn' column and provides a suggestion to check the data for the presence of both classes (0 and 1), which is highly relevant to resolving the user's error."
RELEVANT,"The generated answer directly addresses the question by providing a specific estimate of the time students from the previous cohort spent weekly, which is exactly what was asked."
RELEVANT,"The generated answer directly addresses the question by providing specific steps to take when encountering a scipy-related error while using ImageDataGenerator. It suggests checking the scipy installation, installing it if necessary, restarting the Jupyter kernel, and re-running the code, all of which are appropriate and relevant actions to solve the issue."
RELEVANT,"The generated answer directly addresses the question by providing a clear example of the COPY command in a Dockerfile, along with an explanation of its functionality. This makes the answer highly relevant to the inquiry."
RELEVANT,"The generated answer directly addresses the question by explaining the meaning of '500m' in the context of Kubernetes CPU limits. It accurately defines '500m' as 500 milliCPUs and provides additional context about its significance and utility in resource management, which enhances the overall understanding of the topic."
RELEVANT,"The generated answer provides a clear and specific example of using the curl command to download a file on macOS, which directly addresses the question. It includes the command, explanation of the flags, and details about the file being downloaded, making it highly relevant."
RELEVANT,"The generated answer effectively addresses the question by discussing how to handle missing values with the `fillna()` function in the context of regression. It emphasizes the importance of filling missing values before splitting the dataset to prevent data leakage, which is highly relevant to effective regression analysis. Additionally, it mentions creating functions to manage this process, further supporting the overall effectiveness in handling `fillna()` in regression scenarios."
RELEVANT,"The generated answer provides clear and practical steps for debugging a Docker container, including how to launch a container in interactive mode and how to access a running container. This directly addresses the question about debugging Docker containers."
RELEVANT,The generated answer directly addresses the question by providing a specific resource (a link) where details on configuring the environment on a Mac with an M1 chip can be found. This makes it highly relevant to the user's request for information.
RELEVANT,"The generated answer directly addresses the question by confirming that the AWS Serverless Framework can indeed help in deploying a Flask application on AWS Lambda. It provides specific steps on how to do so, such as creating a Docker image and using AWS ECR and API Gateway. Additionally, it offers a resource for further reading, which supports its relevance."
RELEVANT,"The generated answer correctly identifies that np.log1p() is useful for target variables with a long tail distribution, which directly addresses the question about the type of target variable distribution for which the function is most helpful."
RELEVANT,"The generated answer directly addresses the question by providing information about where to find a guide for installing CUDA and cuDNN on a local machine, specifically mentioning sections that are focused on such installations."
RELEVANT,"The generated answer directly addresses the deprecation of `get_feature_names` by providing the correct alternative method `get_feature_names_out()` and explanations on how to implement this change. It offers practical guidance for updating the code, which is highly relevant to the question asked."
RELEVANT,The generated answer provides the correct syntax for copying files in a Dockerfile using the COPY command and includes a relevant example. It directly addresses the question asked.
RELEVANT,"The generated answer directly addresses the question about what to do when Pipfile and Pipfile.lock dependencies aren't correctly updated by providing clear, actionable steps to resolve the issue. Each suggested action is appropriate and relevant to the context of managing Python package dependencies using pipenv."
PARTLY_RELEVANT,"The generated answer provides information about a requirement (14 posts) for a midterm project, suggesting some relevance to a question likely about project guidelines or assignment expectations. However, without the specific content of the question, it's unclear if this information directly addresses all aspects of the inquiry."
RELEVANT,"The generated answer directly addresses the question by providing a link to the TensorFlow documentation, which is a relevant source for information on using the 'workers' parameter in 'model.fit()'. Additionally, it briefly explains the purpose of the 'workers' parameter and suggests experimenting with its values, which adds further context."
RELEVANT,"The generated answer directly addresses the question about shuffling a complete dataset using pandas by providing a specific method and code example. It explains the use of the `sample` function and correctly includes necessary parameters and their purposes, making it relevant and informative."
RELEVANT,"The generated answer addresses the question by explaining a possible reason for the discrepancy in accuracy, specifically mentioning data splitting methods. It provides context on how different splits can affect results and suggests a solution to align with the homework options, effectively answering the question."
RELEVANT,"The generated answer provides clear and direct instructions on how to configure the console to push Docker images to Google Container Registry, including necessary steps like installing the Google Cloud SDK and authenticating with the 'gcloud' command. This is directly relevant to the question asked."
RELEVANT,"The generated answer provides a clear and detailed step-by-step guide on how to calculate the RMSE score, including relevant code snippets. It thoroughly explains the process, which directly addresses the question and is highly informative."
RELEVANT,"The generated answer directly addresses the question about what to do if password authentication for GitHub is no longer supported. It provides a clear solution by suggesting the creation of a personal access token and indicates where to find further information, making it a relevant and helpful response."
RELEVANT,"The generated answer directly addresses the question by providing a source where the user can find instructions to install TensorFlow GPU on Ubuntu. It also includes important additional information about the necessity of installing CUDA and cuDNN, which is relevant for GPU support."
RELEVANT,The generated answer clearly explains the role of `y_true` in calculating the AUC score using sklearn by stating that it represents the actual target values and is used along with `y_score` in the `roc_auc_score` function. This directly addresses the question asked.
RELEVANT,"The generated answer directly addresses the question by clearly stating the solution Quinn Avila used to resolve the issue with Jupyter notebook not recognizing a newly installed package. It explains the steps taken, including restarting the notebook and the installation of the package, which aligns well with the inquiry."
RELEVANT,"The generated answer directly addresses the question by clearly stating that the modification made to the `median_house_value` target was converting it into binary format. It provides specific details about the change and its purpose, making the answer highly relevant to the question asked."
